ID,Time in System, Time in search
16,61.03143,0
21,92.62789,0
56,64.31432,0
68,114.2686,0
