ID,Time in System, Time in search
880,127.5665,0
917,61.09122,0
902,93.30957,0
889,140.1476,0
894,145.6529,0
932,78.63213,0
911,118.8285,0
882,209.1392,0
933,100.2037,0
915,134.9838,0
937,97.28276,0
883,232.3446,0
888,219.7539,0
